<?xml version="1.0" encoding="UTF-8"?>
<project-private xmlns="http://www.netbeans.org/ns/project-private/1">
    <editor-bookmarks xmlns="http://www.netbeans.org/ns/editor-bookmarks/2" lastBookmarkId="0"/>
    <open-files xmlns="http://www.netbeans.org/ns/projectui-open-files/2">
        <group>
            <file>file:/C:/Users/lenovo/Documents/NetBeansProjects/PAC/src/Idea.java</file>
            <file>file:/C:/Users/lenovo/Documents/NetBeansProjects/PAC/src/Registration.java</file>
            <file>file:/C:/Users/lenovo/Documents/NetBeansProjects/PAC/src/Login.java</file>
            <file>file:/C:/Users/lenovo/Documents/NetBeansProjects/PAC/src/Outcome.java</file>
            <file>file:/C:/Users/lenovo/Documents/NetBeansProjects/PAC/src/Problem.java</file>
            <file>file:/C:/Users/lenovo/Documents/NetBeansProjects/PAC/src/pac/PAC.java</file>
            <file>file:/C:/Users/lenovo/Documents/NetBeansProjects/PAC/src/Feedback.java</file>
            <file>file:/C:/Users/lenovo/Documents/NetBeansProjects/PAC/src/MainPage.java</file>
            <file>file:/C:/Users/lenovo/Documents/NetBeansProjects/PAC/src/Volunteer.java</file>
            <file>file:/C:/Users/lenovo/Documents/NetBeansProjects/PAC/src/Event.java</file>
            <file>file:/C:/Users/lenovo/Documents/NetBeansProjects/PAC/src/Requirement.java</file>
            <file>file:/C:/Users/lenovo/Documents/NetBeansProjects/PAC/src/Sponsor.java</file>
        </group>
    </open-files>
</project-private>
